date,odds,matchStatsUrl,opponent
Aug 26 2013,$4.080,http://www.tennisinsight.com/match_stats_popup.php?matchID=181634502,Andy Murray
Aug 26 2013,$3.467,http://www.tennisinsight.com/match_stats_popup.php?matchID=181634404,Tomas Berdych
Aug 26 2013,$1.407,http://www.tennisinsight.com/match_stats_popup.php?matchID=181634307,Marcos Baghdatis
Aug 26 2013,$1.213,http://www.tennisinsight.com/match_stats_popup.php?matchID=181634213,Ivo Karlovic
Aug 26 2013,$1.498,http://www.tennisinsight.com/match_stats_popup.php?matchID=181634125,Radek Stepanek
Aug 12 2013,$1.424,http://www.atpworldtour.com/Share/Match-Facts-Pop-Up.aspx?t=422&y=2013&r=3&p=R419,Tommy Robredo
Aug 12 2013,$1.416,http://www.atpworldtour.com/Share/Match-Facts-Pop-Up.aspx?t=422&y=2013&r=2&p=W367,Andreas Seppi
Aug 5 2013,$1.430,http://www.atpworldtour.com/Share/Match-Facts-Pop-Up.aspx?t=421&y=2013&r=3&p=PD31,Benoit Paire
May 21 2014,$1.116,http://www.tennisinsight.com/match_stats_popup.php?matchID=185934117,Guillermo Garcia-Lopez
May 12 2014,$1.183,http://www.atpworldtour.com/Share/Match-Facts-Pop-Up.aspx?t=416&y=2014&r=4&p=H355,Tommy Haas
Jul 22 2013,$1.256,http://www.atpworldtour.com/Share/Match-Facts-Pop-Up.aspx?t=314&y=2013&r=5&p=L397,Feliciano Lopez
Jul 22 2013,$1.161,http://www.atpworldtour.com/Share/Match-Facts-Pop-Up.aspx?t=314&y=2013&r=4&p=W367,Daniel Gimeno-Traver
Jun 24 2013,$1.676,http://www.tennisinsight.com/match_stats_popup.php?matchID=180604140,Lleyton Hewitt
May 12 2014,$1.072,http://www.atpworldtour.com/Share/Match-Facts-Pop-Up.aspx?t=416&y=2014&r=3&p=W367,Pere Riba
May 5 2014,$1.170,http://www.atpworldtour.com/Share/Match-Facts-Pop-Up.aspx?t=1536&y=2014&r=3&p=TB69,Dominic Thiem
Jun 16 2013,$1.384,http://www.atpworldtour.com/Share/Match-Facts-Pop-Up.aspx?t=440&y=2013&r=7&p=M873,Nicolas Mahut
Jun 16 2013,$1.276,http://www.atpworldtour.com/Share/Match-Facts-Pop-Up.aspx?t=440&y=2013&r=6&p=W367,Guillermo Garcia-Lopez
Jun 16 2013,$1.439,http://www.atpworldtour.com/Share/Match-Facts-Pop-Up.aspx?t=440&y=2013&r=5&p=W367,Jeremy Chardy
Jun 16 2013,$1.124,http://www.atpworldtour.com/Share/Match-Facts-Pop-Up.aspx?t=440&y=2013&r=4&p=W367,Paolo Lorenzi
Apr 13 2014,$2.357,http://www.atpworldtour.com/Share/Match-Facts-Pop-Up.aspx?t=410&y=2014&r=7&p=W367,Roger Federer
Apr 13 2014,$2.347,http://www.atpworldtour.com/Share/Match-Facts-Pop-Up.aspx?t=410&y=2014&r=6&p=W367,David Ferrer
Apr 13 2014,$1.391,http://www.atpworldtour.com/Share/Match-Facts-Pop-Up.aspx?t=410&y=2014&r=5&p=W367,Milos Raonic
May 27 2013,$12.872,http://www.atpworldtour.com/Share/Match-Facts-Pop-Up.aspx?t=440&y=2013&r=3&p=W367,Steve Darcis
May 27 2013,$1.830,http://www.tennisinsight.com/match_stats_popup.php?matchID=180224502,Rafael Nadal
May 27 2013,$1.396,http://www.tennisinsight.com/match_stats_popup.php?matchID=180224404,Richard Gasquet
Apr 13 2014,$1.355,http://www.atpworldtour.com/Share/Match-Facts-Pop-Up.aspx?t=410&y=2014&r=4&p=W367,Nicolas Almagro
Apr 13 2014,$1.527,http://www.atpworldtour.com/Share/Match-Facts-Pop-Up.aspx?t=410&y=2014&r=3&p=W367,Marin Cilic
May 27 2013,$1.082,http://www.tennisinsight.com/match_stats_popup.php?matchID=180224307,Jerzy Janowicz
May 27 2013,$1.096,http://www.tennisinsight.com/match_stats_popup.php?matchID=180224213,Horacio Zeballos
Apr 4 2014,$1.192,http://www.tennisinsight.com/match_stats_popup.php?matchID=184973103,Mikhail Kukushkin
Apr 4 2014,$1.057,http://www.tennisinsight.com/match_stats_popup.php?matchID=184973101,Andrey Golubev
Mar 17 2014,$1.381,http://www.atpworldtour.com/Share/Match-Facts-Pop-Up.aspx?t=403&y=2014&r=4&p=D801,Alexandr Dolgopolov
May 12 2013,$1.632,http://www.tennisinsight.com/match_stats_popup.php?matchID=180224125,Thiemo de Bakker
May 12 2013,$1.329,http://www.atpworldtour.com/Share/Match-Facts-Pop-Up.aspx?t=416&y=2013&r=3&p=D801,Alexandr Dolgopolov
May 5 2013,$6.502,http://www.atpworldtour.com/Share/Match-Facts-Pop-Up.aspx?t=416&y=2013&r=2&p=W367,Carlos Berlocq
Mar 17 2014,$1.205,http://www.atpworldtour.com/Share/Match-Facts-Pop-Up.aspx?t=403&y=2014&r=3&p=W367,Edouard Roger-Vasselin
Mar 17 2014,$1.057,http://www.atpworldtour.com/Share/Match-Facts-Pop-Up.aspx?t=403&y=2014&r=2&p=W367,Daniel Gimeno-Traver
May 5 2013,$1.995,http://www.atpworldtour.com/Share/Match-Facts-Pop-Up.aspx?t=1536&y=2013&r=7&p=N409,Rafael Nadal
May 5 2013,$1.653,http://www.atpworldtour.com/Share/Match-Facts-Pop-Up.aspx?t=1536&y=2013&r=6&p=W367,Tomas Berdych
Mar 3 2014,$1.264,http://www.atpworldtour.com/Share/Match-Facts-Pop-Up.aspx?t=404&y=2014&r=4&p=A678,Kevin Anderson
Mar 3 2014,$1.127,http://www.atpworldtour.com/Share/Match-Facts-Pop-Up.aspx?t=404&y=2014&r=3&p=W367,Andreas Seppi
May 5 2013,$1.503,http://www.atpworldtour.com/Share/Match-Facts-Pop-Up.aspx?t=1536&y=2013&r=5&p=W367,Jo-Wilfried Tsonga
May 5 2013,$1.235,http://www.atpworldtour.com/Share/Match-Facts-Pop-Up.aspx?t=1536&y=2013&r=4&p=W367,Grigor Dimitrov
Mar 3 2014,$1.249,http://www.atpworldtour.com/Share/Match-Facts-Pop-Up.aspx?t=404&y=2014&r=2&p=W367,Ivo Karlovic
Jan 31 2014,$1.036,http://www.tennisinsight.com/match_stats_popup.php?matchID=183913102,Dusan Lajovic
May 5 2013,$1.096,http://www.atpworldtour.com/Share/Match-Facts-Pop-Up.aspx?t=1536&y=2013&r=3&p=W367,Santiago Giraldo
Jan 13 2014,$6.025,http://www.tennisinsight.com/match_stats_popup.php?matchID=183704701,Rafael Nadal
Jan 13 2014,$1.815,http://www.tennisinsight.com/match_stats_popup.php?matchID=183704602,Tomas Berdych
Apr 29 2013,$2.980,http://www.atpworldtour.com/Share/Match-Facts-Pop-Up.aspx?t=1536&y=2013&r=2&p=W367,Marius Copil
Jan 13 2014,$7.979,http://www.tennisinsight.com/match_stats_popup.php?matchID=183704504,Novak Djokovic
Jan 13 2014,$1.358,http://www.tennisinsight.com/match_stats_popup.php?matchID=183704407,Tommy Robredo
Apr 29 2013,$1.144,http://www.atpworldtour.com/Share/Match-Facts-Pop-Up.aspx?t=468&y=2013&r=7&p=W367,David Ferrer
Apr 29 2013,$1.136,http://www.atpworldtour.com/Share/Match-Facts-Pop-Up.aspx?t=468&y=2013&r=6&p=W367,Pablo Carreno Busta
Apr 29 2013,$1.306,http://www.atpworldtour.com/Share/Match-Facts-Pop-Up.aspx?t=468&y=2013&r=5&p=W367,Gastao Elias
Jan 13 2014,$1.096,http://www.tennisinsight.com/match_stats_popup.php?matchID=183704225,Alejandro Falla
Jan 13 2014,$1.052,http://www.tennisinsight.com/match_stats_popup.php?matchID=183704149,Andrey Golubev
Dec 30 2013,$1.221,http://www.atpworldtour.com/Share/Match-Facts-Pop-Up.aspx?t=891&y=2014&r=7&p=W367,Edouard Roger-Vasselin
Apr 15 2013,$1.830,http://www.atpworldtour.com/Share/Match-Facts-Pop-Up.aspx?t=468&y=2013&r=4&p=W367,Albert Ramos
Apr 15 2013,$3.085,http://www.atpworldtour.com/Share/Match-Facts-Pop-Up.aspx?t=410&y=2013&r=5&p=T786,Jo-Wilfried Tsonga
Dec 30 2013,$1.255,http://www.atpworldtour.com/Share/Match-Facts-Pop-Up.aspx?t=891&y=2014&r=6&p=W367,Vasek Pospisil
Apr 15 2013,$1.205,http://www.atpworldtour.com/Share/Match-Facts-Pop-Up.aspx?t=410&y=2013&r=4&p=W367,Andy Murray
Apr 15 2013,$1.171,http://www.atpworldtour.com/Share/Match-Facts-Pop-Up.aspx?t=410&y=2013&r=3&p=W367,Albert Montanes
Dec 30 2013,$1.118,http://www.atpworldtour.com/Share/Match-Facts-Pop-Up.aspx?t=891&y=2014&r=5&p=W367,Aljaz Bedene
Dec 30 2013,$1.200,http://www.atpworldtour.com/Share/Match-Facts-Pop-Up.aspx?t=891&y=2014&r=4&p=W367,Benjamin Becker
Apr 8 2013,$1.272,http://www.atpworldtour.com/Share/Match-Facts-Pop-Up.aspx?t=410&y=2013&r=2&p=W367,Denis Istomin
Apr 8 2013,$1.171,http://www.atpworldtour.com/Share/Match-Facts-Pop-Up.aspx?t=360&y=2013&r=6&p=R419,Tommy Robredo
Nov 4 2013,$5.658,http://www.atpworldtour.com/Share/Match-Facts-Pop-Up.aspx?t=605&y=2013&r=6&p=D643,Novak Djokovic
Nov 4 2013,$1.564,http://www.atpworldtour.com/Share/Match-Facts-Pop-Up.aspx?t=605&y=2013&r=-3&p=W367,David Ferrer
Nov 4 2013,$6.124,http://www.atpworldtour.com/Share/Match-Facts-Pop-Up.aspx?t=605&y=2013&r=-5&p=N409,Rafael Nadal
Apr 8 2013,$1.165,http://www.atpworldtour.com/Share/Match-Facts-Pop-Up.aspx?t=360&y=2013&r=5&p=W367,Guillermo Garcia-Lopez
Mar 6 2013,$4.432,http://www.atpworldtour.com/Share/Match-Facts-Pop-Up.aspx?t=360&y=2013&r=4&p=W367,Blaz Kavcic
Nov 4 2013,$2.240,http://www.atpworldtour.com/Share/Match-Facts-Pop-Up.aspx?t=605&y=2013&r=-7&p=W367,Tomas Berdych
Oct 28 2013,$5.701,http://www.atpworldtour.com/Share/Match-Facts-Pop-Up.aspx?t=352&y=2013&r=5&p=D643,Novak Djokovic
Oct 28 2013,$1.609,http://www.atpworldtour.com/Share/Match-Facts-Pop-Up.aspx?t=352&y=2013&r=4&p=W367,Nicolas Almagro
Mar 6 2013,$1.306,http://www.atpworldtour.com/Share/Match-Facts-Pop-Up.aspx?t=404&y=2013&r=4&p=F324,Roger Federer
Mar 6 2013,$1.155,http://www.atpworldtour.com/Share/Match-Facts-Pop-Up.aspx?t=404&y=2013&r=3&p=W367,Lleyton Hewitt
Oct 28 2013,$1.359,http://www.atpworldtour.com/Share/Match-Facts-Pop-Up.aspx?t=352&y=2013&r=3&p=W367,Feliciano Lopez
Oct 21 2013,$1.125,http://www.atpworldtour.com/Share/Match-Facts-Pop-Up.aspx?t=328&y=2013&r=3&p=R613,Edouard Roger-Vasselin
Oct 6 2013,$5.327,http://www.atpworldtour.com/Share/Match-Facts-Pop-Up.aspx?t=5014&y=2013&r=5&p=N409,Rafael Nadal
Oct 6 2013,$2.067,http://www.atpworldtour.com/Share/Match-Facts-Pop-Up.aspx?t=5014&y=2013&r=4&p=W367,Milos Raonic
Feb 25 2013,$1.226,http://www.atpworldtour.com/Share/Match-Facts-Pop-Up.aspx?t=404&y=2013&r=2&p=W367,Wayne Odesnik
Feb 18 2013,$3.814,http://www.atpworldtour.com/Share/Match-Facts-Pop-Up.aspx?t=807&y=2013&r=3&p=F510,Fabio Fognini
Feb 18 2013,$2.236,http://www.atpworldtour.com/Share/Match-Facts-Pop-Up.aspx?t=506&y=2013&r=7&p=F401,David Ferrer
Oct 6 2013,$1.397,http://www.atpworldtour.com/Share/Match-Facts-Pop-Up.aspx?t=5014&y=2013&r=3&p=W367,Kevin Anderson
Feb 18 2013,$1.334,http://www.atpworldtour.com/Share/Match-Facts-Pop-Up.aspx?t=506&y=2013&r=6&p=W367,Nicolas Almagro
Feb 18 2013,$1.222,http://www.atpworldtour.com/Share/Match-Facts-Pop-Up.aspx?t=506&y=2013&r=5&p=W367,Albert Ramos
Feb 18 2013,$1.195,http://www.atpworldtour.com/Share/Match-Facts-Pop-Up.aspx?t=506&y=2013&r=4&p=W367,Daniel Gimeno-Traver
Sep 30 2013,$1.319,http://www.atpworldtour.com/Share/Match-Facts-Pop-Up.aspx?t=747&y=2013&r=4&p=Q927,Sam Querrey
Sep 30 2013,$1.216,http://www.atpworldtour.com/Share/Match-Facts-Pop-Up.aspx?t=747&y=2013&r=3&p=W367,Andreas Seppi
Sep 23 2013,$1.347,http://www.atpworldtour.com/Share/Match-Facts-Pop-Up.aspx?t=6003&y=2013&r=6&p=B747,Julien Benneteau
Feb 1 2013,$2.269,http://www.atpworldtour.com/Share/Match-Facts-Pop-Up.aspx?t=506&y=2013&r=3&p=W367,Paolo Lorenzi
Sep 23 2013,$1.330,http://www.atpworldtour.com/Share/Match-Facts-Pop-Up.aspx?t=6003&y=2013&r=5&p=W367,Dmitry Tursunov
Sep 23 2013,$1.390,http://www.atpworldtour.com/Share/Match-Facts-Pop-Up.aspx?t=6003&y=2013&r=4&p=W367,Marcos Baghdatis
Sep 13 2013,$1.020,http://www.tennisinsight.com/match_stats_popup.php?matchID=182013101,Emilio Gomez
Aug 26 2013,$5.170,http://www.tennisinsight.com/match_stats_popup.php?matchID=181634601,Novak Djokovic
